﻿<parameters>
  <parameter name="IIS Web Application Name" defaultValue="Default Web Site/Management_deploy" tags="IisApp">
    <parameterEntry kind="ProviderPath" scope="IisApp" match="^C:\\Users\\Mikael\\OneDrive\\Mikals\ Data\\DisplayMonkey\\Management\\obj\\Release\\Package\\PackageTmp$" />
    <parameterEntry kind="ProviderPath" scope="setAcl" match="^C:\\Users\\Mikael\\OneDrive\\Mikals\ Data\\DisplayMonkey\\Management\\obj\\Release\\Package\\PackageTmp$" />
  </parameter>
  <parameter name="DefaultConnection1-Web.config Connection String" defaultValue="Data Source=sqlsrv02.konsum.local;Initial Catalog=DisplayMonkey_Users;Persist Security Info=True;User ID=conille2;Password=soprutis">
    <parameterEntry kind="XmlFile" scope="C:\\Users\\Mikael\\OneDrive\\Mikals\ Data\\DisplayMonkey\\Management\\obj\\Release\\Package\\PackageTmp\\web\.config$" match="/configuration/connectionStrings/add[@name='DefaultConnection1']/@connectionString" />
  </parameter>
  <parameter name="DefaultConnection-Web.config Connection String" defaultValue="Data Source=sqlsrv02.konsum.local;Initial Catalog=DisplayMonkey;Persist Security Info=True;User ID=conille2;Password=soprutis">
    <parameterEntry kind="XmlFile" scope="C:\\Users\\Mikael\\OneDrive\\Mikals\ Data\\DisplayMonkey\\Management\\obj\\Release\\Package\\PackageTmp\\Views\\Web\.config$" match="/configuration/connectionStrings/add[@name='DefaultConnection']/@connectionString" />
    <parameterEntry kind="XmlFile" scope="C:\\Users\\Mikael\\OneDrive\\Mikals\ Data\\DisplayMonkey\\Management\\obj\\Release\\Package\\PackageTmp\\web\.config$" match="/configuration/connectionStrings/add[@name='DefaultConnection']/@connectionString" />
  </parameter>
  <parameter name="DisplayMonkeyEntities-Web.config Connection String" defaultValue="metadata=res://*/Models.DMModel.csdl|res://*/Models.DMModel.ssdl|res://*/Models.DMModel.msl;provider=System.Data.SqlClient;provider connection string=&quot;Data Source=sqlsrv02.konsum.local;Initial Catalog=DisplayMonkey;Persist Security Info=True;User ID=conille2;Password=soprutis&quot;">
    <parameterEntry kind="XmlFile" scope="C:\\Users\\Mikael\\OneDrive\\Mikals\ Data\\DisplayMonkey\\Management\\obj\\Release\\Package\\PackageTmp\\web\.config$" match="/configuration/connectionStrings/add[@name='DisplayMonkeyEntities']/@connectionString" />
  </parameter>
</parameters>